<?xml version="1.0" encoding="UTF-8"?>
<!DOCTYPE struts PUBLIC
	"-//Apache Software Foundation//DTD Struts Configuration 2.3//EN"
	"http://struts.apache.org/dtds/struts-2.3.dtd">
<struts>
	<package name="default" extends="struts-default">
	
		<action name="login" class="com.krishanAnkur.inventoryMangementSystem.users.action.LoginAC">
			<result name="success">/dashboard.jsp</result>
			<result name="loginerror">/users/login_error.jsp</result>
			<result name="servererror">/error.jsp</result>
		</action>
		
		<action name="endsession" class="com.krishanAnkur.inventoryMangementSystem.users.action.LoginAC" method="logout">  
			<result name="success" >/users/logoutsuccess.jsp</result>  
		</action>  
		
		<action name="register" class="com.krishanAnkur.inventoryMangementSystem.users.action.RegisterAC">
			<result name="success">/users/user_login.jsp</result>
			<result name="duplicate">/users/create_user.jsp</result>
			<result name="error">/users/create_user.jsp</result>
			<result name="servererror">/error.jsp</result>
		</action>
		
		<action name="create_individual_customer_contact" class="com.krishanAnkur.inventoryMangementSystem.contact.action.CreateIndividualCustomerContactAC">
			<result name="success">/read_contact_combined_customer.jsp</result>
			<result name="duplicate">/create_individual_customer_contact.jsp</result>
			<result name="error">/create_individual_customer_contact.jsp</result>
			<result name="servererror">/error.jsp</result>
		</action>
		
		<action name="create_stock" class="action.CreateStockAC">
			<result name="success">/createStock.jsp</result>
			<result name="duplicate">/createStock.jsp</result>
			<result name="error">/createStock.jsp</result>
			<result name="servererror">/error.jsp</result>
		</action>
		
		<action name="create_company_contact" class="com.krishanAnkur.inventoryMangementSystem.contact.action.CreateCompanyContactAC">
			<result name="success">/dashboard.jsp</result>
			<result name="duplicate">/create_company_contact.jsp</result>
			<result name="error">/users/create_user.jsp</result>
			<result name="servererror">/error.jsp</result>
		</action>
		
		<action name="FetchRecords" class="com.krishanAnkur.inventoryMangementSystem.contact.action.FetchContactAC">
			<result name="success">/read_contact_individual_combined.jsp</result>
			<result name="error">/users/user_login.jsp</result>
			<result name="servererror">/error.jsp</result>
		</action>
		
		<action name="FetchStock" class="action.FetchStockAC">
			<result name="success">/Stock_list.jsp</result>
			<result name="error">/users/user_login.jsp</result>
 			<result name="servererror">/error.jsp</result> 
			
		</action>		
	</package>
</struts>