<?xml version="1.0" encoding="UTF-8"?>
<classpath>
	<classpathentry kind="src" path="src"/>
	<classpathentry kind="con" path="org.eclipse.jdt.launching.JRE_CONTAINER/org.eclipse.jdt.internal.debug.ui.launcher.StandardVMType/jdk1.8.0_05"/>
	<classpathentry kind="lib" path="src/log4j-1.2.14 (1).jar"/>
	<classpathentry kind="lib" path="jfreechart-1.0.19.jar"/>
	<classpathentry kind="lib" path="jcommon-1.0.23.jar"/>
	<classpathentry kind="lib" path="itextpdf-5.5.6.jar"/>
	<classpathentry kind="lib" path="testng.jar"/>
	<classpathentry kind="lib" path="jl1.0.1.jar"/>
	<classpathentry kind="lib" path="gtranslateapi-1.0.jar"/>
	<classpathentry kind="output" path="bin"/>
</classpath>
